Backend,Time (s),Face Detected
opencv,0.30742764472961426,Yes
ssd,0.13013052940368652,No
dlib,2.217778444290161,No
mtcnn,2.7895283699035645,Yes
retinaface,10.47672176361084,Yes
mediapipe,0.6352345943450928,Yes
yolov8,6.111642122268677,Yes
yunet,0.04980802536010742,Yes
centerface,2.7803730964660645,Yes
