Backend,Time (s),Face Detected
opencv,0.28082847595214844,Yes
ssd,0.13937115669250488,Yes
dlib,2.2705209255218506,Yes
mtcnn,2.718439817428589,Yes
retinaface,10.001055717468262,Yes
mediapipe,0.6384608745574951,Yes
yolov8,4.136122226715088,Yes
yunet,0.049304962158203125,Yes
centerface,2.694467067718506,Yes
